insert into ciudad(codigo_ciudad, nombre_ciudad) values(1, "Toscana");
insert into ciudad(codigo_ciudad, nombre_ciudad) values(2, "London");
insert into ciudad(codigo_ciudad, nombre_ciudad) values(3, "Rennes");
insert into usuario(codigo, email, nombre, password, ciudad_codigo_ciudad) values(1, "laura@hotmail", "laura", "laura1", 1);
insert into usuario_telefonos(usuario_codigo, telefonos, telefonos_key) values (1, "3133333331", "celular");
insert into usuario(codigo, email, nombre, password, ciudad_codigo_ciudad) values(2, "gabriela@hotmail", "gabriela", "gabriela1", 2);
insert into usuario_telefonos(usuario_codigo, telefonos, telefonos_key) values (2, "3133333332", "celular");
insert into usuario(codigo, email, nombre, password, ciudad_codigo_ciudad) values(3, "daniela@hotmail", "daniela", "daniela1", 3);
insert into usuario_telefonos(usuario_codigo, telefonos, telefonos_key) values (3, "3133333333", "celular");
insert into Usuario(codigo, email, nombre, password, ciudad_codigo_ciudad) values (4, "luisa@123", "luisa", "luisa123", 1);
insert into usuario_telefonos(usuario_codigo, telefonos, telefonos_key) values (4, "3133333334", "celular");
insert into Usuario(codigo, email, nombre, password, ciudad_codigo_ciudad) values (5, "angie@123", "angie", "angie123", 2);
insert into usuario_telefonos(usuario_codigo, telefonos, telefonos_key) values (5, "3133333335", "celular");
insert into Usuario(codigo, email, nombre, password, ciudad_codigo_ciudad) values (6, "vanessa@123", "vanessa", "vanessa123", 3);
insert into usuario_telefonos(usuario_codigo, telefonos, telefonos_key) values (6, "3133333336", "celular");
insert into producto(codigo_producto, cantidad, descripcion, descuento, fecha, nombre, precio, ciudad_codigo_ciudad, vendedor_codigo) values (1, 1, "Televisor 45 pulgadas", 0, null, "televisor", 1000000, 1, 1);
insert into producto(codigo_producto, cantidad, descripcion, descuento, fecha, nombre, precio, ciudad_codigo_ciudad, vendedor_codigo) values (2, 1, "papa phone 7", 0, null, "celular", 1000000, 2, 2);
insert into producto(codigo_producto, cantidad, descripcion, descuento, fecha, nombre, precio, ciudad_codigo_ciudad, vendedor_codigo) values (3, 1, "2x1.5", 0, null, "cama", 700000, 3, 3);
insert into chat(codigo_chat, producto_comprar_codigo_producto, usuario_comprador_codigo) values (1, 1, 4);
insert into chat(codigo_chat, producto_comprar_codigo_producto, usuario_comprador_codigo) values (2, 2, 5);
insert into chat(codigo_chat, producto_comprar_codigo_producto, usuario_comprador_codigo) values (3, 3, 6);
insert into mensaje(codigo_mensaje, emisor, fecha, mensaje, codigo_chat_codigo_chat) values(1, 4, null, "Hola", 1);
insert into mensaje(codigo_mensaje, emisor, fecha, mensaje, codigo_chat_codigo_chat) values(2, 5, null, "Hola1", 2);
insert into mensaje(codigo_mensaje, emisor, fecha, mensaje, codigo_chat_codigo_chat) values(3, 6, null, "Hola2", 3);